ds,day_ahead_clearing_price,realtime_price,load,wind,solar,interconnect,bidding_space,renewable,task,target_day,decision_day,info_cutoff,hour_physical,hour_business,period,model_name,y_true,y_pred,pred_day_ahead_price,traded,profit_per_mwh
2026-06-15 00:00:00,400.0,361.99,69655.475,14538.9325,0.0,20414.5,21921.2425,14538.9325,da,2026-06-15,2026-06-14,2026-06-14 15:00:00,0,24,17_24,TimeMixer,400.0,392.26705474853514,,,
2026-06-15 01:00:00,433.0,361.568,65258.0175,12665.6825,0.0,22595.75,17085.785,12665.6825,da,2026-06-15,2026-06-14,2026-06-14 15:00:00,1,1,1_8,TimeMixer,433.0,386.11332885742183,,,
2026-06-15 02:00:00,400.0,349.409,63290.0875,12209.085,0.0,22807.0,15363.2025,12209.085,da,2026-06-15,2026-06-14,2026-06-14 15:00:00,2,2,1_8,TimeMixer,400.0,375.03826805419925,,,
2026-06-15 03:00:00,389.0,351.023,61595.4825,11505.615,0.0,22861.25,14317.8175,11505.615,da,2026-06-15,2026-06-14,2026-06-14 15:00:00,3,3,1_8,TimeMixer,389.0,383.731226196289,,,
2026-06-15 04:00:00,386.0,352.874,60793.72,10636.275,0.01,22587.0,14659.635,10636.285,da,2026-06-15,2026-06-14,2026-06-14 15:00:00,4,4,1_8,TimeMixer,386.0,381.9457892028808,,,
2026-06-15 05:00:00,408.0,357.522,61321.71,9719.1225,34.7,22009.5,16647.5875,9753.8225,da,2026-06-15,2026-06-14,2026-06-14 15:00:00,5,5,1_8,TimeMixer,408.0,367.92637240600584,,,
2026-06-15 06:00:00,412.0,351.12,63266.8625,8783.7475,1101.2675,24283.5,16187.5475,9885.015,da,2026-06-15,2026-06-14,2026-06-14 15:00:00,6,6,1_8,TimeMixer,412.0,372.00904235839846,,,
2026-06-15 07:00:00,339.0,234.573,62464.3925,7641.875,4176.905,29386.5,8352.0625,11818.78,da,2026-06-15,2026-06-14,2026-06-14 15:00:00,7,7,1_8,TimeMixer,339.0,238.80525579833983,,,
2026-06-15 08:00:00,300.0,317.141,65398.135,6596.2025,8825.815,29605.0,7522.8175,15422.0175,da,2026-06-15,2026-06-14,2026-06-14 15:00:00,8,8,1_8,TimeMixer,300.0,142.1532196044922,,,
2026-06-15 09:00:00,300.0,332.297,65094.455,5982.57,13662.88,26685.25,5927.955,19645.45,da,2026-06-15,2026-06-14,2026-06-14 15:00:00,9,9,9_16,TimeMixer,300.0,53.624787902832026,,,
2026-06-15 10:00:00,267.0,299.286,62880.0675,5603.0175,17725.03,25179.25,1536.97,23328.0475,da,2026-06-15,2026-06-14,2026-06-14 15:00:00,10,10,9_16,TimeMixer,267.0,-51.03761596679688,,,
2026-06-15 11:00:00,141.03,2.327,61682.295,5290.785,20473.62,24311.5,-1229.41,25764.405,da,2026-06-15,2026-06-14,2026-06-14 15:00:00,11,11,9_16,TimeMixer,141.03,-16.721083068847662,,,
2026-06-15 12:00:00,58.72,-80.0,58110.18,5164.46,21795.31,23984.5,-5669.89,26959.77,da,2026-06-15,2026-06-14,2026-06-14 15:00:00,12,12,9_16,TimeMixer,58.72,-102.47886627197266,,,
2026-06-15 13:00:00,29.0,-80.0,52559.4925,5195.8475,21856.4525,24182.75,-11511.3575,27052.3,da,2026-06-15,2026-06-14,2026-06-14 15:00:00,13,13,9_16,TimeMixer,29.0,-90.78070068359375,,,
2026-06-15 14:00:00,72.5,-80.0,55049.3025,5429.5675,20802.2725,24377.25,-8395.5875,26231.84,da,2026-06-15,2026-06-14,2026-06-14 15:00:00,14,14,9_16,TimeMixer,72.5,-133.34561767578126,,,
2026-06-15 15:00:00,41.0,-80.0,58307.795,5882.8975,18394.265,24627.0,-3432.1675,24277.1625,da,2026-06-15,2026-06-14,2026-06-14 15:00:00,15,15,9_16,TimeMixer,41.0,-78.00162048339844,,,
2026-06-15 16:00:00,281.5,103.351,63178.35,6498.8875,14565.2375,25918.0,3360.425,21064.125,da,2026-06-15,2026-06-14,2026-06-14 15:00:00,16,16,9_16,TimeMixer,281.5,130.8613870849609,,,
2026-06-15 17:00:00,326.5,120.823,68171.9625,7178.2675,9684.1325,29277.5,9123.7625,16862.4,da,2026-06-15,2026-06-14,2026-06-14 15:00:00,17,17,17_24,TimeMixer,326.5,312.2069134216308,,,
2026-06-15 18:00:00,405.5,339.291,73527.4,7828.5725,4664.2,31153.25,16954.3275,12492.7725,da,2026-06-15,2026-06-14,2026-06-14 15:00:00,18,18,17_24,TimeMixer,405.5,375.98992385864256,,,
2026-06-15 19:00:00,449.5,346.299,77235.1925,8547.4,1223.205,31003.25,23530.5375,9770.605,da,2026-06-15,2026-06-14,2026-06-14 15:00:00,19,19,17_24,TimeMixer,449.5,454.66713774414063,,,
2026-06-15 20:00:00,439.5,348.798,79552.835,9484.5875,42.0075,30259.75,26835.69,9526.595,da,2026-06-15,2026-06-14,2026-06-14 15:00:00,20,20,17_24,TimeMixer,439.5,433.0614585876465,,,
2026-06-15 21:00:00,385.545,349.427,78893.2475,10562.3275,0.0,28473.75,26926.37,10562.3275,da,2026-06-15,2026-06-14,2026-06-14 15:00:00,21,21,17_24,TimeMixer,385.545,457.7684181213379,,,
2026-06-15 22:00:00,389.125,349.372,75771.8675,11836.2875,0.0,26601.75,24403.03,11836.2875,da,2026-06-15,2026-06-14,2026-06-14 15:00:00,22,22,17_24,TimeMixer,389.125,433.19736889648436,,,
2026-06-15 23:00:00,435.0,361.258,71562.68,12763.8625,0.0,24426.25,21441.7675,12763.8625,da,2026-06-15,2026-06-14,2026-06-14 15:00:00,23,23,17_24,TimeMixer,435.0,394.9833884239197,,,
2026-06-15 00:00:00,400.0,361.99,69655.475,14538.9325,0.0,20414.5,21921.2425,14538.9325,rt,2026-06-15,2026-06-14,2026-06-14 15:00:00,0,24,17_24,TimeMixer,361.99,447.67997208023064,392.26705474853514,1.0,-38.00999999999999
2026-06-15 01:00:00,433.0,361.568,65258.0175,12665.6825,0.0,22595.75,17085.785,12665.6825,rt,2026-06-15,2026-06-14,2026-06-14 15:00:00,1,1,1_8,TimeMixer,361.568,486.9868438185215,386.11332885742183,1.0,-71.43200000000002
2026-06-15 02:00:00,400.0,349.409,63290.0875,12209.085,0.0,22807.0,15363.2025,12209.085,rt,2026-06-15,2026-06-14,2026-06-14 15:00:00,2,2,1_8,TimeMixer,349.409,445.86741028175356,375.03826805419925,1.0,-50.59100000000001
2026-06-15 03:00:00,389.0,351.023,61595.4825,11505.615,0.0,22861.25,14317.8175,11505.615,rt,2026-06-15,2026-06-14,2026-06-14 15:00:00,3,3,1_8,TimeMixer,351.023,437.6170586673736,383.731226196289,1.0,-37.976999999999975
2026-06-15 04:00:00,386.0,352.874,60793.72,10636.275,0.01,22587.0,14659.635,10636.285,rt,2026-06-15,2026-06-14,2026-06-14 15:00:00,4,4,1_8,TimeMixer,352.874,418.8562868488312,381.9457892028808,1.0,-33.125999999999976
2026-06-15 05:00:00,408.0,357.522,61321.71,9719.1225,34.7,22009.5,16647.5875,9753.8225,rt,2026-06-15,2026-06-14,2026-06-14 15:00:00,5,5,1_8,TimeMixer,357.522,431.6892704681038,367.92637240600584,1.0,-50.47800000000001
2026-06-15 06:00:00,412.0,351.12,63266.8625,8783.7475,1101.2675,24283.5,16187.5475,9885.015,rt,2026-06-15,2026-06-14,2026-06-14 15:00:00,6,6,1_8,TimeMixer,351.12,414.5698139370561,372.00904235839846,1.0,-60.879999999999995
2026-06-15 07:00:00,339.0,234.573,62464.3925,7641.875,4176.905,29386.5,8352.0625,11818.78,rt,2026-06-15,2026-06-14,2026-06-14 15:00:00,7,7,1_8,TimeMixer,234.573,304.2766749485016,238.80525579833983,0.0,-0.0
2026-06-15 08:00:00,300.0,317.141,65398.135,6596.2025,8825.815,29605.0,7522.8175,15422.0175,rt,2026-06-15,2026-06-14,2026-06-14 15:00:00,8,8,1_8,TimeMixer,317.141,111.45493940429685,142.1532196044922,0.0,0.0
2026-06-15 09:00:00,300.0,332.297,65094.455,5982.57,13662.88,26685.25,5927.955,19645.45,rt,2026-06-15,2026-06-14,2026-06-14 15:00:00,9,9,9_16,TimeMixer,332.297,49.4413266357422,53.624787902832026,0.0,0.0
2026-06-15 10:00:00,267.0,299.286,62880.0675,5603.0175,17725.03,25179.25,1536.97,23328.0475,rt,2026-06-15,2026-06-14,2026-06-14 15:00:00,10,10,9_16,TimeMixer,299.286,-64.1908952392578,-51.03761596679688,0.0,0.0
2026-06-15 11:00:00,141.03,2.327,61682.295,5290.785,20473.62,24311.5,-1229.41,25764.405,rt,2026-06-15,2026-06-14,2026-06-14 15:00:00,11,11,9_16,TimeMixer,2.327,-58.41883583984375,-16.721083068847662,0.0,-0.0
2026-06-15 12:00:00,58.72,-80.0,58110.18,5164.46,21795.31,23984.5,-5669.89,26959.77,rt,2026-06-15,2026-06-14,2026-06-14 15:00:00,12,12,9_16,TimeMixer,-80.0,-116.0083969482422,-102.47886627197266,0.0,-0.0
2026-06-15 13:00:00,29.0,-80.0,52559.4925,5195.8475,21856.4525,24182.75,-11511.3575,27052.3,rt,2026-06-15,2026-06-14,2026-06-14 15:00:00,13,13,9_16,TimeMixer,-80.0,-132.92143966674803,-90.78070068359375,0.0,-0.0
2026-06-15 14:00:00,72.5,-80.0,55049.3025,5429.5675,20802.2725,24377.25,-8395.5875,26231.84,rt,2026-06-15,2026-06-14,2026-06-14 15:00:00,14,14,9_16,TimeMixer,-80.0,-145.568796875,-133.34561767578126,0.0,-0.0
2026-06-15 15:00:00,41.0,-80.0,58307.795,5882.8975,18394.265,24627.0,-3432.1675,24277.1625,rt,2026-06-15,2026-06-14,2026-06-14 15:00:00,15,15,9_16,TimeMixer,-80.0,-64.0160401145935,-78.00162048339844,0.0,-0.0
2026-06-15 16:00:00,281.5,103.351,63178.35,6498.8875,14565.2375,25918.0,3360.425,21064.125,rt,2026-06-15,2026-06-14,2026-06-14 15:00:00,16,16,9_16,TimeMixer,103.351,76.9747326525688,130.8613870849609,0.0,-0.0
2026-06-15 17:00:00,326.5,120.823,68171.9625,7178.2675,9684.1325,29277.5,9123.7625,16862.4,rt,2026-06-15,2026-06-14,2026-06-14 15:00:00,17,17,17_24,TimeMixer,120.823,205.06254301357268,312.2069134216308,0.0,-0.0
2026-06-15 18:00:00,405.5,339.291,73527.4,7828.5725,4664.2,31153.25,16954.3275,12492.7725,rt,2026-06-15,2026-06-14,2026-06-14 15:00:00,18,18,17_24,TimeMixer,339.291,399.42881466922756,375.98992385864256,0.0,-0.0
2026-06-15 19:00:00,449.5,346.299,77235.1925,8547.4,1223.205,31003.25,23530.5375,9770.605,rt,2026-06-15,2026-06-14,2026-06-14 15:00:00,19,19,17_24,TimeMixer,346.299,392.2614306789398,454.66713774414063,0.0,-0.0
2026-06-15 20:00:00,439.5,348.798,79552.835,9484.5875,42.0075,30259.75,26835.69,9526.595,rt,2026-06-15,2026-06-14,2026-06-14 15:00:00,20,20,17_24,TimeMixer,348.798,381.8141312850952,433.0614585876465,0.0,-0.0
2026-06-15 21:00:00,385.545,349.427,78893.2475,10562.3275,0.0,28473.75,26926.37,10562.3275,rt,2026-06-15,2026-06-14,2026-06-14 15:00:00,21,21,17_24,TimeMixer,349.427,391.8518414870739,457.7684181213379,1.0,-36.117999999999995
2026-06-15 22:00:00,389.125,349.372,75771.8675,11836.2875,0.0,26601.75,24403.03,11836.2875,rt,2026-06-15,2026-06-14,2026-06-14 15:00:00,22,22,17_24,TimeMixer,349.372,393.8000819009781,433.19736889648436,1.0,-39.752999999999986
2026-06-15 23:00:00,435.0,361.258,71562.68,12763.8625,0.0,24426.25,21441.7675,12763.8625,rt,2026-06-15,2026-06-14,2026-06-14 15:00:00,23,23,17_24,TimeMixer,361.258,400.10893542785647,394.9833884239197,0.0,-0.0
