ds,business_day,hour_business,period,event_type,threshold,value,trigger,true_price,dayahead_price,load_actual,load_forecast,wind_actual,solar_actual,renewable_actual,renewable_forecast,bidding_space_actual,tie_line_actual,net_load_actual,renewable_penetration,spread
2025-11-01 08:00:00,2025-11-01,8,1_8,high_spike,440.91,444.53,rt>441,444.527,391.957,66957.9078,65257.575,6995.015,2197.3875,9192.4025,12920.6525,25692.939,19917.538,57765.505300000004,0.13728628627531783,
2025-11-01 09:00:00,2025-11-01,9,9_16,high_spike,406.94,410.48,rt>407,410.48,111.82,66690.0115,62415.7775,6493.81,6285.385,12779.195,18340.115,20535.2317,21133.9251,53910.81649999999,0.1916208246280448,
2025-11-01 10:00:00,2025-11-01,10,9_16,spread_extreme,332.98,461.05,|rt-da|>333,365.548,-95.501,61670.9475,56500.12,5878.06,11538.5325,17416.5925,22480.1925,10268.5368,21756.1723,44254.355,0.2824116249742374,461.049
2025-11-01 18:00:00,2025-11-01,18,17_24,high_spike,478.41,483.45,rt>478,483.447,433.514,73439.4825,74456.5775,5217.6175,-15.305,5202.3125,7624.56,32476.42,23448.9072,68237.17,0.07083808766342573,
2025-11-02 05:00:00,2025-11-02,5,1_8,low_valley,52.51,49.96,rt<53,49.963,229.944,56412.2613,57725.5,17045.625,-13.825,17031.8,16298.9875,8329.0205,18670.082,39380.461299999995,0.30191663309516775,
2025-11-02 05:00:00,2025-11-02,5,1_8,spread_extreme,160.79,179.98,|rt-da|>161,49.963,229.944,56412.2613,57725.5,17045.625,-13.825,17031.8,16298.9875,8329.0205,18670.082,39380.461299999995,0.30191663309516775,179.981
2025-11-02 17:00:00,2025-11-02,17,17_24,high_spike,478.41,555.6,rt>478,555.599,608.851,68340.7375,70092.4025,4780.34,1798.74,6579.08,6730.0775,26311.0583,23051.375,61761.6575,0.09626878842267851,
2025-11-02 18:00:00,2025-11-02,18,17_24,high_spike,478.41,631.79,rt>478,631.7913,620.943,73571.02,74698.5925,4730.28,-16.15,4714.13,4881.2825,32890.4748,23506.6179,68856.89,0.06407590922837879,
2025-11-02 19:00:00,2025-11-02,19,17_24,high_spike,478.41,612.57,rt>478,612.574,621.236,72014.005,73487.8475,4966.5425,-14.845,4951.6975,4690.2375,31106.2036,23537.0146,67062.30750000001,0.06876020156513164,
2025-11-02 20:00:00,2025-11-02,20,17_24,high_spike,478.41,606.33,rt>478,606.3318,621.164,71152.821,72455.22,5069.6925,-14.715,5054.9775,4507.0975,30265.9529,23421.3675,66097.8435,0.07104395058756083,
2025-11-02 21:00:00,2025-11-02,21,17_24,high_spike,478.41,611.14,rt>478,611.145,620.72,70685.879,71764.445,5370.2975,-14.8125,5355.485,4323.505,30197.6915,22729.7402,65330.394,0.07576456677071744,
2025-11-02 22:00:00,2025-11-02,22,17_24,high_spike,478.41,607.03,rt>478,607.0308,620.315,69287.174,70576.355,5811.3775,-14.7625,5796.615,4127.3025,29952.5642,21119.8114,63490.559,0.08366072195646762,
2025-11-02 23:00:00,2025-11-02,23,17_24,high_spike,478.41,605.49,rt>478,605.4865,620.0,64533.4217,65968.6675,5981.83,-10.7925,5971.0375,3933.065,27096.5626,19076.0089,58562.3842,0.09252628082906593,
2025-11-03 00:00:00,2025-11-02,24,17_24,high_spike,478.41,594.96,rt>478,594.955,618.623,61087.77,62920.9925,6111.0,-10.5875,6100.4125,3844.0725,25615.8695,16986.963,54987.3575,0.09986307404905057,
2025-11-03 01:00:00,2025-11-03,1,1_8,high_spike,440.91,446.71,rt>441,446.715,454.232,58958.2193,59579.115,6065.305,-13.965,6051.34,4188.3425,23316.7751,17207.9166,52906.8793,0.10263776740240903,
2025-11-03 04:00:00,2025-11-03,4,1_8,high_spike,440.91,444.06,rt>441,444.058,450.293,56248.5405,56463.225,5424.775,-14.035,5410.74,4150.93,20778.1741,17631.9085,50837.800500000005,0.09619342921507563,
2025-11-03 05:00:00,2025-11-03,5,1_8,high_spike,440.91,443.77,rt>441,443.775,448.716,57023.993,57209.6375,5261.6725,-14.0775,5247.595,4299.4375,21683.0604,17674.6101,51776.398,0.09202433437237123,
2025-11-03 06:00:00,2025-11-03,6,1_8,high_spike,440.91,443.5,rt>441,443.495,446.039,60185.2945,60185.92,5462.475,-14.0675,5448.4075,4598.955,24006.8795,18303.5334,54736.887,0.09052722171351554,
2025-11-03 07:00:00,2025-11-03,7,1_8,high_spike,440.91,473.18,rt>441,473.181,468.174,66677.7363,66096.95,5765.785,391.12,6156.905,5445.1775,28323.3653,19717.4199,60520.831300000005,0.09233824272880446,
2025-11-03 08:00:00,2025-11-03,8,1_8,high_spike,440.91,440.96,rt>441,440.964,439.577,65854.8145,66166.375,6069.235,5653.455,11722.69,9469.145,21661.8237,20045.0284,54132.12449999999,0.1780080938231163,
2025-11-03 10:00:00,2025-11-03,10,9_16,low_valley,-80.0,-85.83,rt<-80,-85.833,-72.059,55080.6783,57108.185,3451.51,14066.0025,17517.5125,19608.3375,3168.4316,22035.8569,37563.1658,0.3180337105038821,
2025-11-03 13:00:00,2025-11-03,13,9_16,low_valley,-80.0,-81.41,rt<-80,-81.41,-70.645,48172.9142,49035.13,2354.71,10494.3725,12849.0825,22428.48,2299.1505,20746.7873,35323.831699999995,0.26672836200000366,
2025-11-03 16:00:00,2025-11-03,16,9_16,high_spike,406.94,427.53,rt>407,427.526,403.997,65077.495,64206.6825,4933.27,6913.765,11847.035,12164.8775,19373.7352,21537.4121,53230.46000000001,0.18204503720033396,
2025-11-04 07:00:00,2025-11-04,7,1_8,high_spike,440.91,474.83,rt>441,474.83,464.3,67206.65,66597.9875,9022.915,244.89,9267.805,9509.1,26204.3227,19235.5477,57938.844999999994,0.13790011849453884,
2025-11-04 08:00:00,2025-11-04,8,1_8,high_spike,440.91,457.87,rt>441,457.866,440.104,67775.22,67188.2125,8309.7225,3590.96,11900.6825,12136.6625,23560.5961,19822.3468,55874.5375,0.17559046651923957,
2025-11-04 16:00:00,2025-11-04,16,9_16,high_spike,406.94,478.15,rt>407,478.146,422.765,66696.1235,64259.3,1850.155,5684.865,7535.02,8864.1025,25080.3472,21494.3542,59161.1035,0.11297538152828697,
2025-11-04 17:00:00,2025-11-04,17,17_24,high_spike,478.41,508.27,rt>478,508.27,473.655,71881.865,70377.6275,2481.5125,1023.445,3504.9575,4760.05,32901.5998,22830.3961,68376.9075,0.04875996886714611,
2025-11-04 18:00:00,2025-11-04,18,17_24,high_spike,478.41,494.49,rt>478,494.489,471.855,74654.2175,74636.7475,3861.3275,-17.8125,3843.515,4465.8625,34645.893,23605.7272,70810.7025,0.051484231275817166,
2025-11-04 19:00:00,2025-11-04,19,17_24,high_spike,478.41,493.54,rt>478,493.538,469.54,72756.605,72783.5075,5866.6475,-14.6325,5852.015,5814.0675,30828.8497,23504.5196,66904.59,0.0804327661962192,
2025-11-04 20:00:00,2025-11-04,20,17_24,high_spike,478.41,485.1,rt>478,485.096,463.722,71467.8788,71295.02,8076.93,-14.335,8062.595,7152.665,27264.7836,23548.9116,63405.283800000005,0.11281424794255761,
2025-11-05 07:00:00,2025-11-05,7,1_8,high_spike,440.91,463.82,rt>441,463.819,458.672,67440.8475,67030.69,5342.69,220.5075,5563.1975,5452.8975,29664.8989,19585.6002,61877.65,0.08249002949103063,
2025-11-05 08:00:00,2025-11-05,8,1_8,high_spike,440.91,448.03,rt>441,448.034,428.033,67572.0805,67166.215,5348.485,3916.46,9264.945,8518.8225,25537.9506,20160.9208,58307.1355,0.1371120280753954,
2025-11-05 11:00:00,2025-11-05,11,9_16,low_valley,-80.0,-82.86,rt<-80,-82.86,-74.276,54016.9983,54711.1175,2249.5675,13189.2075,15438.775,19745.3375,4163.8713,21869.9642,38578.2233,0.2858132714335196,
2025-11-05 12:00:00,2025-11-05,12,9_16,low_valley,-80.0,-85.52,rt<-80,-85.516,-72.523,50886.7718,51625.8025,1972.155,13674.2475,15646.4025,20320.27,1692.3522,21073.3149,35240.369300000006,0.3074748494249197,
2025-11-05 13:00:00,2025-11-05,13,9_16,low_valley,-80.0,-84.95,rt<-80,-84.95,-78.059,48211.711,48851.4525,1186.835,13164.665,14351.5,19391.605,2128.4831,19260.0339,33860.211,0.29767663705242137,
2025-11-05 16:00:00,2025-11-05,16,9_16,high_spike,406.94,410.99,rt>407,410.986,410.263,65511.4708,64372.3175,880.6125,6457.86,7338.4725,7738.6575,23996.0573,21607.5688,58172.99830000001,0.11201813070696343,
2025-11-05 17:00:00,2025-11-05,17,17_24,high_spike,478.41,481.49,rt>478,481.485,451.717,71973.3848,70321.4325,1175.01,1045.305,2220.315,3407.24,34231.0056,22931.6952,69753.0698,0.03084911187463715,
2025-11-06 08:00:00,2025-11-06,8,1_8,spread_extreme,160.79,164.31,|rt-da|>161,359.917,524.225,69299.06,70207.895,2723.6775,2580.4775,5304.155,4333.38,31164.0528,20231.3167,63994.905,0.07654007138386291,164.30800000000005
2025-11-06 18:00:00,2025-11-06,18,17_24,spread_extreme,126.33,174.79,|rt-da|>126,361.785,536.577,75305.83,74926.0525,5813.26,-7.635,5805.625,5370.3825,32534.608,24148.6208,69500.205,0.07709396469342493,174.79199999999997
2025-11-08 08:00:00,2025-11-08,8,1_8,spread_extreme,160.79,164.11,|rt-da|>161,369.006,533.12,71219.74,70765.0325,2747.515,953.03,3700.545,3214.97,34554.143,20373.1613,67519.195,0.051959540985131426,164.11400000000003
2025-11-08 11:00:00,2025-11-08,11,9_16,high_spike,406.94,720.04,rt>407,720.04,548.99,79204.49,73117.24,1565.95,3742.57,5308.52,8572.915,38853.6752,22409.7694,73895.97,0.0670229680076189,
2025-11-08 12:00:00,2025-11-08,12,9_16,high_spike,406.94,1408.15,rt>407,1408.152,413.197,78228.8263,71098.275,1041.2425,4602.8475,5644.09,9330.44,37576.1832,22333.9131,72584.7363,0.07214846836170051,
2025-11-08 12:00:00,2025-11-08,12,9_16,spread_extreme,332.98,994.96,|rt-da|>333,1408.152,413.197,78228.8263,71098.275,1041.2425,4602.8475,5644.09,9330.44,37576.1832,22333.9131,72584.7363,0.07214846836170051,994.955
2025-11-08 13:00:00,2025-11-08,13,9_16,high_spike,406.94,669.16,rt>407,669.162,358.751,74195.8625,67057.1775,1048.1975,5299.4075,6347.605,9000.7775,32599.5118,22610.4422,67848.2575,0.08555200768970748,
2025-11-08 17:00:00,2025-11-08,17,17_24,spread_extreme,126.33,226.54,|rt-da|>126,373.06,599.6,73933.176,73301.4925,794.295,664.7725,1459.0675,2076.5925,36294.4388,23482.8253,72474.1085,0.019734949568548908,226.54000000000002
2025-11-08 18:00:00,2025-11-08,18,17_24,spread_extreme,126.33,206.79,|rt-da|>126,392.814,599.6,76350.235,75582.275,771.945,-10.255,761.69,1477.1725,38715.1416,24185.821,75588.545,0.009976262678172993,206.786
2025-11-08 19:00:00,2025-11-08,19,17_24,spread_extreme,126.33,146.72,|rt-da|>126,375.205,521.922,73297.5573,73823.8375,982.7525,-7.185,975.5675,1600.295,35586.755,24072.054,72321.9898,0.013309686377050699,146.71700000000004
2025-11-08 22:00:00,2025-11-08,22,17_24,spread_extreme,126.33,235.48,|rt-da|>126,364.117,599.6,70461.3713,71369.8475,2879.59,-6.9925,2872.5975,3021.96,33250.9293,21726.0069,67588.7738,0.04076840184335606,235.483
2025-11-09 07:00:00,2025-11-09,7,1_8,high_spike,440.91,441.52,rt>441,441.525,402.495,63846.3138,63835.35,4625.3925,66.08,4691.4725,6724.695,26723.104,19653.0052,59154.8413,0.07348071047549173,
2025-11-09 08:00:00,2025-11-09,8,1_8,high_spike,440.91,455.09,rt>441,455.092,394.922,68024.216,65285.205,5020.7975,1565.8,6586.5975,9601.5225,28356.5464,20330.2487,61437.6185,0.09682724603590767,
2025-11-09 09:00:00,2025-11-09,9,9_16,high_spike,406.94,429.19,rt>407,429.186,256.329,68065.4085,62023.2025,5201.8625,5307.3375,10509.2,14719.355,23670.4083,21186.4546,57556.20850000001,0.154398544430333,
2025-11-09 10:00:00,2025-11-09,10,9_16,spread_extreme,332.98,406.32,|rt-da|>333,348.37,-57.952,62953.623,57139.67,5025.7325,10015.635,15041.3675,19000.58,13249.2006,21915.5619,47912.2555,0.23892774999797425,406.322
2025-11-09 12:00:00,2025-11-09,12,9_16,low_valley,-80.0,-81.34,rt<-80,-81.343,-99.918,53798.8663,52645.73,4813.89,15174.135,19988.025,22955.8375,33.1986,21018.635,33810.8413,0.3715324572979835,
2025-11-09 14:00:00,2025-11-09,14,9_16,low_valley,-80.0,-85.87,rt<-80,-85.872,-90.372,53451.4345,54245.64,3753.4625,11256.5175,15009.98,20746.835,5338.2428,20175.03,38441.45450000001,0.28081528845015086,
2025-11-10 10:00:00,2025-11-10,10,9_16,low_valley,-80.0,-83.74,rt<-80,-83.7398,172.16,56115.877,62663.59,1313.3575,12193.58,13506.9375,15570.0625,7364.786,22358.307,42608.9395,0.24069725396242184,
2025-11-10 11:00:00,2025-11-10,11,9_16,low_valley,-80.0,-87.92,rt<-80,-87.918,136.663,54174.37,62015.73,952.8175,12128.025,13080.8425,17713.4575,6176.7169,22129.2935,41093.527500000004,0.24145813781656192,
2025-11-10 12:00:00,2025-11-10,12,9_16,low_valley,-80.0,-90.13,rt<-80,-90.1308,131.162,51262.9675,59464.0825,1013.6875,12193.0675,13206.755,18051.8325,3775.5354,21525.3964,38056.2125,0.25762759437255994,
2025-11-10 13:00:00,2025-11-10,13,9_16,low_valley,-80.0,-90.14,rt<-80,-90.1375,122.622,49540.797,56708.935,1351.4475,11446.795,12798.2425,17099.46,3377.9268,20574.4191,36742.5545,0.25833743646507396,
2025-11-11 07:00:00,2025-11-11,7,1_8,high_spike,440.91,450.39,rt>441,450.392,436.598,67372.796,66959.9475,2599.1825,107.22,2706.4025,2648.8725,31484.7776,19832.2274,64666.393500000006,0.04017055340256762,
2025-11-11 08:00:00,2025-11-11,8,1_8,high_spike,440.91,465.13,rt>441,465.127,408.565,70565.0275,68783.9625,2415.6325,2366.56,4782.1925,5019.7175,32119.6154,20373.8402,65782.83499999999,0.06777000829939873,
2025-11-11 10:00:00,2025-11-11,10,9_16,spread_extreme,332.98,340.45,|rt-da|>333,275.295,-65.159,62403.8733,61426.0725,1055.34,13212.4075,14267.7475,14446.285,12985.3926,22074.8082,48136.1258,0.22863560774702174,340.454
2025-11-11 16:00:00,2025-11-11,16,9_16,high_spike,406.94,423.4,rt>407,423.401,371.366,67943.829,67267.3825,311.92,5410.17,5722.09,6216.83,27378.1409,21625.2802,62221.739,0.08421795008282239,
2025-11-11 17:00:00,2025-11-11,17,17_24,high_spike,478.41,491.17,rt>478,491.165,441.881,73180.256,72774.9525,595.1,764.64,1359.74,1810.855,35264.1345,23294.031,71820.51599999999,0.01858069476846587,
2025-11-12 13:00:00,2025-11-12,13,9_16,low_valley,-80.0,-83.24,rt<-80,-83.243,-71.436,52279.952,53502.38,4996.395,11337.6275,16334.0225,20518.335,1917.9644,20704.7283,35945.9295,0.31243376996359257,
2025-11-13 10:00:00,2025-11-13,10,9_16,low_valley,-80.0,-85.89,rt<-80,-85.892,-89.897,59697.3885,59596.895,4234.5125,15201.8925,19436.405,19048.75,4348.6709,22244.6715,40260.9835,0.3255821650681449,
2025-11-13 13:00:00,2025-11-13,13,9_16,low_valley,-80.0,-91.79,rt<-80,-91.788,-94.899,50665.1143,50487.6225,657.725,14853.9625,15511.6875,19994.1975,1536.7733,20088.0273,35153.4268,0.30616110732702695,
2025-11-13 16:00:00,2025-11-13,16,9_16,high_spike,406.94,429.52,rt>407,429.522,429.187,66701.314,66514.4675,1046.3325,7006.915,8053.2475,7663.7825,23334.3751,21584.5586,58648.0665,0.12073596479362671,
2025-11-13 17:00:00,2025-11-13,17,17_24,high_spike,478.41,487.77,rt>478,487.77,472.285,73269.0675,72612.04,817.3475,942.79,1760.1375,2834.18,34738.914,23039.6125,71508.93000000001,0.02402292754387478,
2025-11-13 18:00:00,2025-11-13,18,17_24,high_spike,478.41,491.36,rt>478,491.357,465.821,75797.5465,76098.5975,874.8225,16.3375,891.16,1775.06,37089.0948,24042.4043,74906.3865,0.011757108785604676,
2025-11-13 19:00:00,2025-11-13,19,17_24,high_spike,478.41,483.21,rt>478,483.21,465.73,73149.4928,73378.1325,903.17,20.7125,923.8825,1560.4525,34442.9447,23970.6083,72225.6103,0.012630060230215285,
2025-11-13 20:00:00,2025-11-13,20,17_24,high_spike,478.41,478.66,rt>478,478.656,465.73,71675.5913,71745.035,647.88,20.9325,668.8125,1307.8675,33259.5846,23912.5909,71006.7788,0.00933110544016801,
2025-11-13 21:00:00,2025-11-13,21,17_24,high_spike,478.41,479.75,rt>478,479.747,465.572,70930.54,71152.4475,445.915,21.0175,466.9325,1114.945,33550.688,23103.3184,70463.6075,0.006582954252627577,
2025-11-13 23:00:00,2025-11-13,23,17_24,high_spike,478.41,478.49,rt>478,478.491,465.73,66006.1525,66191.1725,832.3475,21.3375,853.685,1041.7575,31717.2361,19576.2564,65152.4675,0.012933415561082216,
2025-11-14 01:00:00,2025-11-14,1,1_8,high_spike,440.91,442.83,rt>441,442.834,433.752,60819.3585,60701.6425,1629.3775,21.6725,1651.05,1250.5875,27932.7315,17329.1081,59168.3085,0.02714678418925665,
2025-11-14 07:00:00,2025-11-14,7,1_8,high_spike,440.91,458.43,rt>441,458.431,443.8,68069.015,67348.2275,2626.63,149.255,2775.885,2969.29,31679.837,19857.9839,65293.13,0.04078044907205129,
2025-11-14 08:00:00,2025-11-14,8,1_8,high_spike,440.91,455.31,rt>441,455.311,426.649,69957.4325,69673.745,3232.645,3307.25,6539.895,6204.255,29537.1444,20180.6311,63417.53749999999,0.09348391965450077,
2025-11-14 10:00:00,2025-11-14,10,9_16,low_valley,-80.0,-87.19,rt<-80,-87.19,-52.137,59602.4333,59734.4775,2816.6225,14846.8825,17663.505,16961.91,6389.8728,22148.3431,41938.9283,0.2963554341503109,
2025-11-14 11:00:00,2025-11-14,11,9_16,low_valley,-80.0,-84.82,rt<-80,-84.818,-74.004,57704.844,57259.5625,1790.68,17398.0325,19188.7125,19498.3475,3235.4031,22001.9821,38516.131499999996,0.3325320920488873,
2025-11-14 16:00:00,2025-11-14,16,9_16,high_spike,406.94,457.46,rt>407,457.459,433.244,70135.871,67658.2025,2469.0875,4693.8125,7162.9,7573.4675,27277.8458,22039.3474,62972.971,0.10212890917086793,
2025-11-15 11:00:00,2025-11-15,11,9_16,spread_extreme,332.98,381.01,|rt-da|>333,328.499,-52.511,67505.9175,60550.4325,7670.56,11063.6975,18734.2575,19488.4275,13135.1514,22022.2525,48771.659999999996,0.2775202262412743,381.01000000000005
2025-11-15 12:00:00,2025-11-15,12,9_16,spread_extreme,332.98,424.97,|rt-da|>333,373.463,-51.502,65825.1053,57142.3,6896.8675,12046.2225,18943.09,20268.9575,11934.1078,21448.2982,46882.0153,0.28777910663094997,424.96500000000003
2025-11-15 13:00:00,2025-11-15,13,9_16,spread_extreme,332.98,425.93,|rt-da|>333,366.955,-58.976,63343.1365,54303.845,6373.7875,12025.285,18399.0725,19579.6575,11000.5603,20456.6609,44944.064,0.2904667105819007,425.931
2025-11-15 14:00:00,2025-11-15,14,9_16,spread_extreme,332.98,365.87,|rt-da|>333,351.416,-14.457,65844.6338,58660.0525,5636.1475,10997.3575,16633.505,17369.2975,15132.9718,20554.1025,49211.12879999999,0.2526174729439201,365.873
2025-11-15 16:00:00,2025-11-15,16,9_16,high_spike,406.94,422.65,rt>407,422.654,413.99,70233.0813,67316.615,4946.2625,3592.86,8539.1225,8351.0075,26223.6027,21709.632,61693.95880000001,0.12158262660169193,
2025-11-15 22:00:00,2025-11-15,22,17_24,low_valley,215.95,212.36,rt<216,212.357,391.88,69077.21,69148.475,13545.2525,-6.475,13538.7775,7284.2525,19767.3628,21813.4563,55538.43250000001,0.19599485124022886,
2025-11-15 22:00:00,2025-11-15,22,17_24,spread_extreme,126.33,179.52,|rt-da|>126,212.357,391.88,69077.21,69148.475,13545.2525,-6.475,13538.7775,7284.2525,19767.3628,21813.4563,55538.43250000001,0.19599485124022886,179.523
2025-11-15 23:00:00,2025-11-15,23,17_24,spread_extreme,126.33,157.45,|rt-da|>126,227.784,385.235,65231.181,64974.3725,13946.57,-6.1925,13940.3775,7964.8275,17936.9115,19577.736,51290.803499999995,0.21370726827501296,157.45100000000002
2025-11-16 00:00:00,2025-11-15,24,17_24,spread_extreme,126.33,148.09,|rt-da|>126,220.425,368.511,61990.6048,61697.535,13973.5975,-5.8575,13967.74,8384.1875,16954.8421,17245.5358,48022.8648,0.22532027301251295,148.086
2025-11-16 02:00:00,2025-11-16,2,1_8,spread_extreme,160.79,195.77,|rt-da|>161,133.206,328.976,58465.8858,59274.655,14213.685,-5.9775,14207.7075,12644.445,13292.7713,17227.0054,44258.1783,0.24300850492835457,195.77
2025-11-16 04:00:00,2025-11-16,4,1_8,spread_extreme,160.79,171.12,|rt-da|>161,142.408,313.529,56608.945,57288.4375,12356.52,-6.055,12350.465,11328.3325,13349.5213,17094.6814,44258.479999999996,0.21817161577235336,171.121
2025-11-16 11:00:00,2025-11-16,11,9_16,low_valley,-80.0,-85.73,rt<-80,-85.734,-18.169,58214.8877,57993.1475,8215.6975,9431.0225,17646.72,31271.21,5995.3641,21248.074,40568.1677,0.3031307058068703,
2025-11-16 12:00:00,2025-11-16,12,9_16,low_valley,-80.0,-80.32,rt<-80,-80.322,9.792,56347.0888,55573.6625,7069.535,8143.9875,15213.5225,33250.62,7146.3749,20761.2112,41133.5663,0.2699966017995952,
2025-11-16 17:00:00,2025-11-16,17,17_24,low_valley,215.95,-7.07,rt<216,-7.073,297.064,71524.6963,73017.385,19744.5825,590.4525,20335.035,20202.4875,14408.7373,23056.979,51189.66129999999,0.2843078831382178,
2025-11-16 17:00:00,2025-11-16,17,17_24,spread_extreme,126.33,304.14,|rt-da|>126,-7.073,297.064,71524.6963,73017.385,19744.5825,590.4525,20335.035,20202.4875,14408.7373,23056.979,51189.66129999999,0.2843078831382178,304.137
2025-11-16 19:00:00,2025-11-16,19,17_24,low_valley,215.95,-80.0,rt<216,-80.0,136.497,72186.92,73673.415,20634.245,-7.13,20627.115,19705.385,13860.3415,23929.6534,51559.80499999999,0.2857458802390037,
2025-11-16 19:00:00,2025-11-16,19,17_24,spread_extreme,126.33,216.5,|rt-da|>126,-80.0,136.497,72186.92,73673.415,20634.245,-7.13,20627.115,19705.385,13860.3415,23929.6534,51559.80499999999,0.2857458802390037,216.497
2025-11-16 20:00:00,2025-11-16,20,17_24,low_valley,215.95,-80.0,rt<216,-80.0,-67.271,71177.0038,72322.175,21029.285,-6.885,21022.4,19774.03,12675.6519,23799.4233,50154.603800000004,0.2953538204012805,
2025-11-16 21:00:00,2025-11-16,21,17_24,low_valley,215.95,-80.0,rt<216,-80.0,-60.024,70184.84,71407.8525,21108.095,-6.6625,21101.4325,19728.6575,12339.477,23063.5652,49083.4075,0.30065513431381263,
2025-11-16 22:00:00,2025-11-16,22,17_24,spread_extreme,126.33,157.04,|rt-da|>126,-80.0,77.039,68880.6938,70837.7475,20462.635,-6.6025,20456.0325,19657.43,13218.615,21525.2314,48424.66129999999,0.29697773597382415,157.039
2025-11-16 22:00:00,2025-11-16,22,17_24,low_valley,215.95,-80.0,rt<216,-80.0,77.039,68880.6938,70837.7475,20462.635,-6.6025,20456.0325,19657.43,13218.615,21525.2314,48424.66129999999,0.29697773597382415,
2025-11-16 23:00:00,2025-11-16,23,17_24,low_valley,215.95,-80.0,rt<216,-80.0,57.005,64572.0708,66698.3625,20276.6175,-6.2325,20270.385,19560.535,10826.0841,19779.1483,44301.68580000001,0.313918769302669,
2025-11-16 23:00:00,2025-11-16,23,17_24,spread_extreme,126.33,137.0,|rt-da|>126,-80.0,57.005,64572.0708,66698.3625,20276.6175,-6.2325,20270.385,19560.535,10826.0841,19779.1483,44301.68580000001,0.313918769302669,137.005
2025-11-17 00:00:00,2025-11-16,24,17_24,low_valley,215.95,-80.0,rt<216,-80.0,-10.214,61506.2667,63346.1225,20558.0175,-6.0325,20551.985,19455.1775,9859.754,17432.8924,40954.2817,0.3341445693152199,
2025-11-17 01:00:00,2025-11-17,1,1_8,low_valley,52.51,-80.0,rt<53,-80.0,35.803,59598.82,60504.0775,20492.9225,-5.98,20486.9425,19546.31,8105.4805,17358.7243,39111.8775,0.34374745165361537,
2025-11-17 02:00:00,2025-11-17,2,1_8,low_valley,52.51,-80.0,rt<53,-80.0,101.419,58417.23,59473.8525,19869.8825,-6.075,19863.8075,19267.0725,7496.629,17421.3056,38553.4225,0.34003336852157595,
2025-11-17 02:00:00,2025-11-17,2,1_8,spread_extreme,160.79,181.42,|rt-da|>161,-80.0,101.419,58417.23,59473.8525,19869.8825,-6.075,19863.8075,19267.0725,7496.629,17421.3056,38553.4225,0.34003336852157595,181.41899999999998
2025-11-17 03:00:00,2025-11-17,3,1_8,low_valley,52.51,-80.0,rt<53,-80.0,101.462,57483.3528,58680.74,18367.365,-6.1825,18361.1825,18911.5825,8006.1494,17479.5434,39122.1703,0.31941738959954724,
2025-11-17 03:00:00,2025-11-17,3,1_8,spread_extreme,160.79,181.46,|rt-da|>161,-80.0,101.462,57483.3528,58680.74,18367.365,-6.1825,18361.1825,18911.5825,8006.1494,17479.5434,39122.1703,0.31941738959954724,181.462
2025-11-17 04:00:00,2025-11-17,4,1_8,low_valley,52.51,-47.12,rt<53,-47.118,101.479,56933.991,58352.89,15822.6825,-6.06,15816.6225,18452.68,10233.9306,17198.3103,41117.368500000004,0.2778063195538485,
2025-11-17 06:00:00,2025-11-17,6,1_8,low_valley,52.51,-39.85,rt<53,-39.849,110.301,61109.944,62256.4225,17313.4225,-6.3275,17307.095,17233.1175,11802.8145,18331.113,43802.849,0.2832124178868152,
2025-11-19 07:00:00,2025-11-19,7,1_8,high_spike,440.91,461.94,rt>441,461.936,454.29,70422.7638,69460.23,6278.2675,68.3225,6346.59,7095.025,30358.3244,19910.0535,64076.173800000004,0.09012128545711504,
2025-11-19 08:00:00,2025-11-19,8,1_8,high_spike,440.91,489.7,rt>441,489.697,454.407,73718.5913,72555.1175,5582.6425,2855.71,8438.3525,9461.5975,31283.7193,20239.6301,65280.2388,0.11446708828869509,
2025-11-19 13:00:00,2025-11-19,13,9_16,low_valley,-80.0,-84.7,rt<-80,-84.698,-93.055,54062.4015,55765.99,2776.0325,13883.2825,16659.315,22445.17,3218.4775,20714.8899,37403.086500000005,0.30814974057189265,
2025-11-20 10:00:00,2025-11-20,10,9_16,low_valley,-80.0,-83.83,rt<-80,-83.832,111.841,63804.5493,66170.955,6090.7075,13830.025,19920.7325,19051.5575,7929.3812,22095.114,43883.8168,0.3122149237856594,
2025-11-20 11:00:00,2025-11-20,11,9_16,low_valley,-80.0,-87.21,rt<-80,-87.207,55.286,62000.5052,64824.17,4451.24,14617.015,19068.255,21076.08,6945.6425,22227.2114,42932.250199999995,0.3075499939139931,
2025-11-21 07:00:00,2025-11-21,7,1_8,high_spike,440.91,448.25,rt>441,448.249,411.158,69828.964,69467.54,5123.385,49.0725,5172.4575,5804.7925,30394.5513,20076.6131,64656.5065,0.07407323842380459,
2025-11-21 08:00:00,2025-11-21,8,1_8,high_spike,440.91,445.51,rt>441,445.507,403.864,73237.315,71804.75,5142.6375,2748.9625,7891.6,8515.825,30896.5548,20337.3291,65345.715000000004,0.10775381373446667,
2025-11-22 10:00:00,2025-11-22,10,9_16,low_valley,-80.0,-83.76,rt<-80,-83.756,-62.109,62984.5948,63103.135,5766.2425,12684.8525,18451.095,19653.12,8517.5675,22179.2134,44533.4998,0.29294615700330806,
2025-11-24 07:00:00,2025-11-24,7,1_8,high_spike,440.91,478.84,rt>441,478.844,409.006,68082.4925,67319.015,5013.9475,13.0825,5027.03,6584.1375,28820.7183,19955.3655,63055.462499999994,0.07383733783338832,
2025-11-24 08:00:00,2025-11-24,8,1_8,high_spike,440.91,531.47,rt>441,531.468,421.293,72880.126,71165.5725,6008.11,1843.675,7851.785,9362.495,30514.9025,20240.9736,65028.341,0.10773561229741346,
2025-11-24 09:00:00,2025-11-24,9,9_16,high_spike,406.94,407.85,rt>407,407.848,286.409,72072.185,69961.3775,6985.2825,7200.3175,14185.6,15405.675,22587.9604,21074.5986,57886.585,0.19682489157268857,
2025-11-24 17:00:00,2025-11-24,17,17_24,low_valley,215.95,-47.88,rt<216,-47.878,138.579,77362.58,77434.9025,17824.0775,275.13,18099.2075,16741.17,21694.3847,23396.8507,59263.3725,0.23395299765933955,
2025-11-24 17:00:00,2025-11-24,17,17_24,spread_extreme,126.33,186.46,|rt-da|>126,-47.878,138.579,77362.58,77434.9025,17824.0775,275.13,18099.2075,16741.17,21694.3847,23396.8507,59263.3725,0.23395299765933955,186.457
2025-11-24 18:00:00,2025-11-24,18,17_24,low_valley,215.95,21.4,rt<216,21.4,138.504,78547.9025,79314.725,19633.2025,-17.21,19615.9925,17588.1575,20563.8863,24110.0386,58931.909999999996,0.24973286202648978,
2025-11-24 19:00:00,2025-11-24,19,17_24,low_valley,215.95,-59.61,rt<216,-59.614,130.766,75569.7065,76382.9025,21347.0725,-15.055,21332.0175,18709.125,15737.5736,24215.0363,54237.689,0.2822826564395506,
2025-11-24 19:00:00,2025-11-24,19,17_24,spread_extreme,126.33,190.38,|rt-da|>126,-59.614,130.766,75569.7065,76382.9025,21347.0725,-15.055,21332.0175,18709.125,15737.5736,24215.0363,54237.689,0.2822826564395506,190.38
2025-11-24 20:00:00,2025-11-24,20,17_24,low_valley,215.95,-80.0,rt<216,-80.0,44.626,73765.086,74619.2225,21811.9325,-14.7875,21797.145,19430.575,13632.0286,24070.0515,51967.94099999999,0.2954940633709159,
2025-11-24 21:00:00,2025-11-24,21,17_24,low_valley,215.95,-80.0,rt<216,-80.0,18.881,72656.241,73255.1275,22082.865,-14.83,22068.035,19920.9425,13129.7522,23219.666,50588.20599999999,0.3037321322054451,
2025-11-24 22:00:00,2025-11-24,22,17_24,low_valley,215.95,-59.77,rt<216,-59.773,78.549,71680.8325,71948.575,22162.4075,-14.815,22147.5925,20227.395,13569.2321,21716.2538,49533.240000000005,0.3089751014946743,
2025-11-24 22:00:00,2025-11-24,22,17_24,spread_extreme,126.33,138.32,|rt-da|>126,-59.773,78.549,71680.8325,71948.575,22162.4075,-14.815,22147.5925,20227.395,13569.2321,21716.2538,49533.240000000005,0.3089751014946743,138.322
2025-11-24 23:00:00,2025-11-24,23,17_24,low_valley,215.95,-80.0,rt<216,-80.0,-31.394,67327.3375,67452.7625,22082.32,-14.595,22067.725,20254.47,11071.1845,19935.8137,45259.612499999996,0.32776767678838215,
2025-11-25 00:00:00,2025-11-24,24,17_24,low_valley,215.95,-80.0,rt<216,-80.0,-59.597,64134.4225,63929.4325,21580.725,-14.13,21566.595,20022.59,10247.2562,18044.2488,42567.8275,0.336271757910306,
2025-11-25 01:00:00,2025-11-25,1,1_8,low_valley,52.51,-80.0,rt<53,-80.0,83.918,62218.314,63094.65,20604.4275,-14.2425,20590.185,19571.7875,9813.8733,17537.1916,41628.129,0.3309344736774876,
2025-11-25 01:00:00,2025-11-25,1,1_8,spread_extreme,160.79,163.92,|rt-da|>161,-80.0,83.918,62218.314,63094.65,20604.4275,-14.2425,20590.185,19571.7875,9813.8733,17537.1916,41628.129,0.3309344736774876,163.918
2025-11-25 02:00:00,2025-11-25,2,1_8,spread_extreme,160.79,218.14,|rt-da|>161,-40.138,178.0,60923.6925,61482.2725,19330.4425,-14.38,19316.0625,18551.6425,10025.3074,17291.2901,41607.63,0.31705337782718057,218.138
2025-11-25 02:00:00,2025-11-25,2,1_8,low_valley,52.51,-40.14,rt<53,-40.138,178.0,60923.6925,61482.2725,19330.4425,-14.38,19316.0625,18551.6425,10025.3074,17291.2901,41607.63,0.31705337782718057,
2025-11-25 03:00:00,2025-11-25,3,1_8,low_valley,52.51,0.0,rt<53,0.0,178.0,60097.5043,60530.8625,17884.8425,-14.52,17870.3225,17495.53,10582.3757,17362.36,42227.181800000006,0.29735548431129183,
2025-11-25 03:00:00,2025-11-25,3,1_8,spread_extreme,160.79,178.0,|rt-da|>161,0.0,178.0,60097.5043,60530.8625,17884.8425,-14.52,17870.3225,17495.53,10582.3757,17362.36,42227.181800000006,0.29735548431129183,178.0
2025-11-25 04:00:00,2025-11-25,4,1_8,low_valley,52.51,0.0,rt<53,0.0,178.0,59580.4943,60020.1075,16884.89,-14.3875,16870.5025,16333.68,11200.5566,17251.8974,42709.9918,0.2831547924430102,
2025-11-25 04:00:00,2025-11-25,4,1_8,spread_extreme,160.79,178.0,|rt-da|>161,0.0,178.0,59580.4943,60020.1075,16884.89,-14.3875,16870.5025,16333.68,11200.5566,17251.8974,42709.9918,0.2831547924430102,178.0
2025-11-25 05:00:00,2025-11-25,5,1_8,low_valley,52.51,16.42,rt<53,16.422,178.0,60207.0333,61157.425,15244.8475,-14.505,15230.3425,14935.9625,13395.792,17328.868,44976.690800000004,0.25296616794885884,
2025-11-25 05:00:00,2025-11-25,5,1_8,spread_extreme,160.79,161.58,|rt-da|>161,16.422,178.0,60207.0333,61157.425,15244.8475,-14.505,15230.3425,14935.9625,13395.792,17328.868,44976.690800000004,0.25296616794885884,161.578
2025-11-26 11:00:00,2025-11-26,11,9_16,low_valley,-80.0,-84.31,rt<-80,-84.31,-90.109,62185.3645,64281.76,6594.6175,13864.9325,20459.55,25800.8875,6353.014,21663.9688,41725.81450000001,0.32900908696466524,
2025-11-26 16:00:00,2025-11-26,16,9_16,high_spike,406.94,407.04,rt>407,407.042,345.799,72627.6963,72266.67,8147.695,4482.54,12630.235,13068.785,24434.5216,21638.5433,59997.461299999995,0.17390383616313274,
2025-11-26 23:00:00,2025-11-26,23,17_24,spread_extreme,126.33,160.55,|rt-da|>126,61.147,221.697,66848.328,68721.8525,19634.89,-14.125,19620.765,16571.82,13179.4156,19722.7408,47227.562999999995,0.2935116791113292,160.55
2025-11-26 23:00:00,2025-11-26,23,17_24,low_valley,215.95,61.15,rt<216,61.147,221.697,66848.328,68721.8525,19634.89,-14.125,19620.765,16571.82,13179.4156,19722.7408,47227.562999999995,0.2935116791113292,
2025-11-27 00:00:00,2025-11-26,24,17_24,low_valley,215.95,-24.45,rt<216,-24.453,101.093,63684.558,65317.305,20323.5625,-13.6775,20309.885,17411.845,11555.5783,17591.3378,43374.672999999995,0.31891380947969933,
2025-11-27 01:00:00,2025-11-27,1,1_8,low_valley,52.51,-80.0,rt<53,-80.0,-94.944,61778.4755,62064.63,21497.95,-13.6575,21484.2925,19155.0475,8613.8415,17467.7462,40294.183000000005,0.34776339692167324,
2025-11-27 02:00:00,2025-11-27,2,1_8,low_valley,52.51,-80.0,rt<53,-80.0,-94.978,60580.3598,60795.3675,20128.205,-13.69,20114.515,19575.02,8871.9081,17382.4287,40465.8448,0.33203029930964023,
2025-11-27 03:00:00,2025-11-27,3,1_8,low_valley,52.51,-80.0,rt<53,-80.0,-100.0,59643.378,59964.4,19024.3625,-13.7825,19010.58,19847.3725,8991.2452,17417.4438,40632.797999999995,0.31873747990619555,
2025-11-27 04:00:00,2025-11-27,4,1_8,low_valley,52.51,-80.0,rt<53,-80.0,-100.0,59183.4027,59409.1575,18492.29,-13.865,18478.425,20143.82,9169.7918,17266.3199,40704.9777,0.31222309218252786,
2025-11-27 05:00:00,2025-11-27,5,1_8,low_valley,52.51,-80.0,rt<53,-80.0,-100.0,60103.875,60060.4225,18276.7975,-13.98,18262.8175,20307.4225,10173.1016,17387.5699,41841.057499999995,0.30385424395617516,
2025-11-27 06:00:00,2025-11-27,6,1_8,low_valley,52.51,-59.67,rt<53,-59.673,-100.0,63019.2445,63178.965,18507.76,-13.9775,18493.7825,20207.3675,11986.0103,18268.857,44525.462,0.2934624596628634,
2025-11-27 08:00:00,2025-11-27,8,1_8,low_valley,52.51,40.19,rt<53,40.192,0.0,73714.2563,73748.5725,18803.3575,1930.18,20733.5375,20301.3125,18910.2235,19847.9115,52980.718799999995,0.28126903177055196,
2025-11-27 11:00:00,2025-11-27,11,9_16,low_valley,-80.0,-83.15,rt<-80,-83.15,-91.686,64605.583,65756.2025,10620.79,12107.595,22728.385,27637.905,7521.4104,20643.0043,41877.198000000004,0.35180218088089965,
2025-11-27 12:00:00,2025-11-27,12,9_16,low_valley,-80.0,-82.69,rt<-80,-82.693,-95.722,61089.9395,62436.055,7687.8875,11514.105,19201.9925,27758.4875,8292.4659,19890.3726,41887.947,0.3143233182749635,
2025-11-27 17:00:00,2025-11-27,17,17_24,high_spike,478.41,512.48,rt>478,512.476,413.023,78367.98,78154.13,5831.2525,615.9425,6447.195,7117.1325,36291.7622,21409.0312,71920.785,0.08226822994770717,
2025-11-27 18:00:00,2025-11-27,18,17_24,high_spike,478.41,481.84,rt>478,481.841,410.0,80067.4375,79953.015,5584.045,-18.32,5565.725,6130.6575,36217.0182,23920.5936,74501.7125,0.06951296523389887,
2025-11-28 11:00:00,2025-11-28,11,9_16,low_valley,-80.0,-83.73,rt<-80,-83.734,-98.622,64563.7585,61879.1025,8877.72,14636.645,23514.365,28441.5925,6340.9755,21035.3794,41049.393500000006,0.3642037815434484,
2025-11-29 16:00:00,2025-11-29,16,9_16,high_spike,406.94,465.8,rt>407,465.798,395.364,70580.2475,69148.4975,944.74,4287.185,5231.925,6488.1325,29375.2785,21686.8958,65348.322499999995,0.074127325768569,
2025-11-29 17:00:00,2025-11-29,17,17_24,high_spike,478.41,483.69,rt>478,483.695,430.154,75279.256,75253.05,1064.38,485.7325,1550.1125,1942.8175,36142.8313,23280.581,73729.14349999999,0.02059149601311263,
2025-11-30 01:00:00,2025-11-30,1,1_8,high_spike,440.91,458.83,rt>441,458.83,409.027,61671.4748,61354.905,2029.1825,-13.7075,2015.475,2656.3425,28117.3111,17742.432,59655.999800000005,0.03268083025757625,
2025-11-30 07:00:00,2025-11-30,7,1_8,spread_extreme,160.79,178.16,|rt-da|>161,193.506,371.668,64347.4833,64648.1275,11296.7525,-3.7475,11293.005,6952.7725,19007.1016,19977.8676,53054.4783,0.1755003369066494,178.162
2025-11-30 12:00:00,2025-11-30,12,9_16,low_valley,-80.0,-83.67,rt<-80,-83.672,-75.942,57323.7113,54777.1075,6560.6075,12067.7425,18628.35,26228.7975,4131.6659,20819.0659,38695.361300000004,0.3249676194072647,
2025-11-30 18:00:00,2025-11-30,18,17_24,spread_extreme,126.33,155.81,|rt-da|>126,266.825,111.012,75258.1915,76315.9175,16686.8275,-17.725,16669.1025,16648.2075,22053.0328,22504.9314,58589.089,0.2214922012547309,155.813
2025-11-30 19:00:00,2025-11-30,19,17_24,low_valley,215.95,207.04,rt<216,207.037,111.07,72832.91,73668.3375,16677.2725,-15.14,16662.1325,17295.2525,17866.9464,24314.5254,56170.777500000004,0.22877202761378446,
2025-11-30 21:00:00,2025-11-30,21,17_24,low_valley,215.95,58.12,rt<216,58.124,111.193,70788.421,71852.95,17446.6675,-14.825,17431.8425,17359.475,15952.1709,23393.6226,53356.5785,0.24625273810723183,
2025-11-30 22:00:00,2025-11-30,22,17_24,low_valley,215.95,96.42,rt<216,96.415,111.247,69049.1475,70307.35,16861.7825,-14.6775,16847.105,16951.455,16329.9742,21853.437,52202.04250000001,0.2439871541869525,
2025-11-30 23:00:00,2025-11-30,23,17_24,low_valley,215.95,150.45,rt<216,150.446,111.357,64714.3863,65374.0975,16107.4475,-14.4575,16092.99,16357.1275,14703.2421,19895.0612,48621.3963,0.2486771631103798,
2025-12-01 00:00:00,2025-11-30,24,17_24,low_valley,215.95,203.18,rt<216,203.178,111.475,61658.7013,62176.2,14165.8925,-14.0925,14151.8,15459.2225,15955.9363,17505.1157,47506.9013,0.22951829505537794,
2025-12-01 16:00:00,2025-12-01,16,9_16,high_spike,406.94,509.88,rt>407,509.876,441.344,73548.2985,73331.8575,1720.8725,3276.865,4997.7375,6083.0275,31071.2952,23262.7159,68550.561,0.06795177592477522,
2025-12-02 04:00:00,2025-12-02,4,1_8,spread_extreme,160.79,222.08,|rt-da|>161,-5.38,216.7,60795.3608,60380.59,15129.6425,-13.9275,15115.715,12652.0925,11782.7445,19663.1592,45679.6458,0.248632704841414,222.07999999999998
2025-12-02 04:00:00,2025-12-02,4,1_8,low_valley,52.51,-5.38,rt<53,-5.38,216.7,60795.3608,60380.59,15129.6425,-13.9275,15115.715,12652.0925,11782.7445,19663.1592,45679.6458,0.248632704841414,
2025-12-02 05:00:00,2025-12-02,5,1_8,low_valley,52.51,-80.0,rt<53,-80.0,216.7,61358.2655,61105.2275,16766.285,-13.8725,16752.4125,14146.7425,10671.7917,19677.9904,44605.853,0.27302617439975935,
2025-12-02 05:00:00,2025-12-02,5,1_8,spread_extreme,160.79,296.7,|rt-da|>161,-80.0,216.7,61358.2655,61105.2275,16766.285,-13.8725,16752.4125,14146.7425,10671.7917,19677.9904,44605.853,0.27302617439975935,296.7
2025-12-02 06:00:00,2025-12-02,6,1_8,low_valley,52.51,-80.0,rt<53,-80.0,216.7,64080.4145,64128.495,18484.895,-13.94,18470.955,15405.57,10007.7953,21346.0617,45609.4595,0.28824649686243115,
2025-12-02 06:00:00,2025-12-02,6,1_8,spread_extreme,160.79,296.7,|rt-da|>161,-80.0,216.7,64080.4145,64128.495,18484.895,-13.94,18470.955,15405.57,10007.7953,21346.0617,45609.4595,0.28824649686243115,296.7
2025-12-02 07:00:00,2025-12-02,7,1_8,low_valley,52.51,-59.46,rt<53,-59.462,245.255,68738.6938,70032.9275,19224.6475,-11.975,19212.6725,16210.56,11392.5423,23909.0881,49526.02129999999,0.2795030198436062,
2025-12-02 07:00:00,2025-12-02,7,1_8,spread_extreme,160.79,304.72,|rt-da|>161,-59.462,245.255,68738.6938,70032.9275,19224.6475,-11.975,19212.6725,16210.56,11392.5423,23909.0881,49526.02129999999,0.2795030198436062,304.717
2025-12-02 08:00:00,2025-12-02,8,1_8,spread_extreme,160.79,216.92,|rt-da|>161,82.524,299.447,75333.5475,76388.08,19739.89,531.96,20271.85,17529.18,16743.1909,24126.4228,55061.6975,0.2690945889320963,216.923
2025-12-03 11:00:00,2025-12-03,11,9_16,low_valley,-80.0,-83.48,rt<-80,-83.481,-82.147,66869.4363,66987.165,6782.6475,14494.5875,21277.235,26437.4875,7913.9178,24154.9506,45592.2013,0.31819073367630724,
2025-12-03 17:00:00,2025-12-03,17,17_24,high_spike,478.41,517.92,rt>478,517.922,461.408,81396.2763,81314.6775,5233.995,578.4725,5812.4675,7004.3225,35704.9567,25958.019,75583.8088,0.07140950131260372,
2025-12-04 14:00:00,2025-12-04,14,9_16,low_valley,-80.0,-80.77,rt<-80,-80.773,-80.266,65639.8675,63969.0775,8965.35,12741.145,21706.495,25536.5075,8554.3499,21720.5292,43933.3725,0.3306907192750365,
2025-12-05 20:00:00,2025-12-05,20,17_24,low_valley,215.95,55.15,rt<216,55.146,52.671,78248.3588,78366.165,18589.3825,-13.6775,18575.705,18283.475,17672.5918,27962.7875,59672.6538,0.23739418030613132,
2025-12-05 21:00:00,2025-12-05,21,17_24,low_valley,215.95,5.57,rt<216,5.567,-16.316,76880.4,76919.325,19051.5175,-13.795,19037.7225,19039.8275,16487.7067,27389.9271,57842.67749999999,0.24762777635813188,
2025-12-05 22:00:00,2025-12-05,22,17_24,low_valley,215.95,105.72,rt<216,105.722,51.023,75152.5225,74938.81,19591.125,-13.885,19577.24,19489.265,15787.8361,25814.9992,55575.2825,0.26050010493520026,
2025-12-05 23:00:00,2025-12-05,23,17_24,low_valley,215.95,131.27,rt<216,131.267,42.288,70763.5925,69973.3775,20021.9825,-13.4725,20008.51,19758.79,13265.469,23533.4572,50755.082500000004,0.2827514727601271,
2025-12-06 00:00:00,2025-12-05,24,17_24,low_valley,215.95,81.23,rt<216,81.234,32.557,67275.374,66363.47,20317.405,-13.1025,20304.3025,19910.525,11986.2931,20994.5414,46971.07149999999,0.30180883865442226,
2025-12-06 02:00:00,2025-12-06,2,1_8,low_valley,52.51,0.0,rt<53,0.0,0.0,63415.1013,62664.96,20963.77,-13.35,20950.42,20077.575,8807.3239,19631.5452,42464.681300000004,0.3303695739219185,
2025-12-06 03:00:00,2025-12-06,3,1_8,low_valley,52.51,0.33,rt<53,0.325,0.0,64289.102,63421.93,20797.4975,-13.285,20784.2125,19728.255,9745.6108,19751.3397,43504.8895,0.3232929353526679,
2025-12-06 04:00:00,2025-12-06,4,1_8,low_valley,52.51,0.52,rt<53,0.523,0.0,63206.7133,62762.5775,19715.245,-13.31,19701.935,19132.58,9682.3136,19779.7921,43504.778300000005,0.31170636738175306,
2025-12-06 05:00:00,2025-12-06,5,1_8,low_valley,52.51,10.34,rt<53,10.344,0.0,63402.2797,62869.2975,18518.72,-13.245,18505.475,18335.165,11326.6629,19583.1382,44896.8047,0.29187396864345333,
2025-12-07 11:00:00,2025-12-07,11,9_16,spread_extreme,332.98,427.55,|rt-da|>333,351.798,-75.749,70164.6063,64716.935,8283.84,11546.665,19830.505,20835.56,12472.087,24331.5454,50334.101299999995,0.28262832278122135,427.547
2025-12-07 12:00:00,2025-12-07,12,9_16,spread_extreme,332.98,410.8,|rt-da|>333,323.112,-87.687,66778.4475,61698.9275,9682.2925,13628.355,23310.6475,23151.315,7169.7971,22842.5627,43467.799999999996,0.3490744150125571,410.79900000000004
2025-12-08 00:00:00,2025-12-07,24,17_24,low_valley,215.95,214.85,rt<216,214.851,250.587,63985.8292,63953.735,13280.335,-11.41,13268.925,12377.53,15542.6898,21072.566,50716.904200000004,0.20737286933410984,
2025-12-11 01:00:00,2025-12-11,1,1_8,spread_extreme,160.79,196.8,|rt-da|>161,319.576,122.78,63639.6768,63731.3475,11273.265,-13.285,11259.98,13320.3525,16882.6602,19853.061,52379.696800000005,0.17693333097239528,196.79600000000002
2025-12-11 02:00:00,2025-12-11,2,1_8,spread_extreme,160.79,182.62,|rt-da|>161,209.047,26.431,62361.0343,62647.405,14517.2925,-14.0725,14503.22,15527.145,12499.6084,19745.2412,47857.8143,0.23256862495101868,182.61599999999999
2025-12-11 04:00:00,2025-12-11,4,1_8,low_valley,52.51,30.94,rt<53,30.943,16.169,62661.983,62943.025,18587.99,-14.105,18573.885,18866.805,8736.5546,19740.1695,44088.098,0.29641393565594404,
2025-12-11 05:00:00,2025-12-11,5,1_8,low_valley,52.51,0.54,rt<53,0.541,16.095,63305.496,63205.8075,20073.1575,-14.13,20059.0275,19927.0575,7936.13,19687.4432,43246.4685,0.3168607587693712,
2025-12-11 06:00:00,2025-12-11,6,1_8,low_valley,52.51,45.52,rt<53,45.523,15.795,65859.5313,65412.37,21596.0925,-14.12,21581.9725,20555.195,6916.4107,21669.0518,44277.5588,0.32769702533129064,
2025-12-11 07:00:00,2025-12-11,7,1_8,low_valley,52.51,-27.73,rt<53,-27.727,15.733,70296.44,69893.8375,22232.915,-14.59,22218.325,20852.9225,7380.8743,24982.7215,48078.115000000005,0.31606614782824477,
2025-12-11 08:00:00,2025-12-11,8,1_8,low_valley,52.51,-4.14,rt<53,-4.145,70.983,76809.5128,75549.5425,22044.6675,431.1075,22475.775,21812.8275,13424.189,25231.5378,54333.737799999995,0.2926170753822804,
2025-12-11 17:00:00,2025-12-11,17,17_24,low_valley,215.95,14.15,rt<216,14.152,225.827,82654.3125,82291.08,21466.97,327.3125,21794.2825,20150.5625,18175.3913,26958.3867,60860.03,0.26367991987548384,
2025-12-11 17:00:00,2025-12-11,17,17_24,spread_extreme,126.33,211.68,|rt-da|>126,14.152,225.827,82654.3125,82291.08,21466.97,327.3125,21794.2825,20150.5625,18175.3913,26958.3867,60860.03,0.26367991987548384,211.675
2025-12-11 18:00:00,2025-12-11,18,17_24,low_valley,215.95,84.83,rt<216,84.827,211.575,84260.881,83962.085,20604.81,-17.8375,20586.9725,19357.865,19356.3588,28582.6285,63673.90849999999,0.24432420185064002,
2025-12-11 18:00:00,2025-12-11,18,17_24,spread_extreme,126.33,126.75,|rt-da|>126,84.827,211.575,84260.881,83962.085,20604.81,-17.8375,20586.9725,19357.865,19356.3588,28582.6285,63673.90849999999,0.24432420185064002,126.74799999999999
2025-12-11 19:00:00,2025-12-11,19,17_24,low_valley,215.95,148.28,rt<216,148.282,211.918,81952.2788,81387.435,19436.9925,-15.245,19421.7475,18834.945,17870.2077,28897.9781,62530.5313,0.23698849845320122,
2025-12-11 21:00:00,2025-12-11,21,17_24,low_valley,215.95,211.88,rt<216,211.88,211.808,78898.545,78271.6825,18299.4475,-15.215,18284.2325,17430.025,16585.6572,28194.0239,60614.3125,0.23174359549574156,
2025-12-11 22:00:00,2025-12-11,22,17_24,low_valley,215.95,198.03,rt<216,198.035,211.955,76789.9275,76288.82,17279.84,-15.1325,17264.7075,16728.8475,17219.5866,26442.7952,59525.22,0.22483036590640998,
2025-12-12 11:00:00,2025-12-12,11,9_16,spread_extreme,332.98,344.07,|rt-da|>333,340.687,684.76,90299.5175,93159.17,5712.1225,5529.375,11241.4975,11551.4525,38439.4884,24795.1656,79058.02,0.12449122442714144,344.073
2025-12-12 15:00:00,2025-12-12,15,9_16,high_spike,406.94,422.15,rt>407,422.151,661.721,92049.0825,89747.655,5113.0575,2091.84,7204.8975,5907.935,46106.8633,22862.3835,84844.185,0.07827234453116115,
2025-12-13 10:00:00,2025-12-13,10,9_16,high_spike,406.94,424.75,rt>407,424.753,763.211,93231.0163,90528.455,2908.895,370.1375,3279.0325,8892.9275,49086.2404,24960.1622,89951.9838,0.03517104746661749,
2025-12-13 10:00:00,2025-12-13,10,9_16,spread_extreme,332.98,338.46,|rt-da|>333,424.753,763.211,93231.0163,90528.455,2908.895,370.1375,3279.0325,8892.9275,49086.2404,24960.1622,89951.9838,0.03517104746661749,338.458
2025-12-13 11:00:00,2025-12-13,11,9_16,high_spike,406.94,559.86,rt>407,559.858,767.182,97753.2475,92125.54,4247.0525,582.605,4829.6575,11845.4725,52181.5082,24813.6811,92923.59,0.049406619452780166,
2025-12-13 12:00:00,2025-12-13,12,9_16,high_spike,406.94,659.77,rt>407,659.767,763.788,97548.3988,90636.5825,6266.8375,906.415,7173.2525,14271.1175,50866.3545,23528.4903,90375.1463,0.07353531772440171,
2025-12-13 13:00:00,2025-12-13,13,9_16,spread_extreme,332.98,374.44,|rt-da|>333,376.56,750.997,93181.5113,87068.685,8138.6225,1231.995,9370.6175,15704.5725,42014.2959,25879.8773,83810.89379999999,0.10056305557038513,374.43699999999995
2025-12-13 14:00:00,2025-12-13,14,9_16,spread_extreme,332.98,399.1,|rt-da|>333,352.944,752.042,92875.1975,88024.04,9983.67,1654.7875,11638.4575,16188.775,37805.7611,27459.3614,81236.73999999999,0.12531286944231662,399.098
2025-12-13 23:00:00,2025-12-13,23,17_24,low_valley,215.95,210.46,rt<216,210.464,328.401,73186.4685,76563.885,12382.08,-14.475,12367.605,11614.7425,21278.7424,23659.1247,60818.86350000001,0.1689875909002239,
2025-12-14 00:00:00,2025-12-13,24,17_24,low_valley,215.95,160.53,rt<216,160.529,328.14,69622.9615,73070.6675,12499.315,-14.08,12485.235,11471.665,20539.1439,20824.5424,57137.726500000004,0.17932639935471195,
2025-12-14 00:00:00,2025-12-13,24,17_24,spread_extreme,126.33,167.61,|rt-da|>126,160.529,328.14,69622.9615,73070.6675,12499.315,-14.08,12485.235,11471.665,20539.1439,20824.5424,57137.726500000004,0.17932639935471195,167.611
2025-12-14 07:00:00,2025-12-14,7,1_8,spread_extreme,160.79,200.42,|rt-da|>161,70.471,270.889,68566.3375,71669.4775,10286.235,-14.33,10271.905,10219.52,17830.7389,24851.8008,58294.432499999995,0.14980973715421075,200.418
2025-12-14 12:00:00,2025-12-14,12,9_16,spread_extreme,332.98,410.14,|rt-da|>333,-80.0,330.139,73864.23,92290.2225,6784.28,15495.21,22279.49,24900.8525,12663.0004,23494.1506,51584.73999999999,0.3016275942629298,410.139
2025-12-14 13:00:00,2025-12-14,13,9_16,spread_extreme,332.98,396.78,|rt-da|>333,-80.0,316.776,66142.2035,88078.835,5034.94,11486.8425,16521.7825,24592.7675,12020.7629,22199.5964,49620.421,0.24979183672799896,396.776
2025-12-14 14:00:00,2025-12-14,14,9_16,spread_extreme,332.98,412.36,|rt-da|>333,-80.0,332.358,66568.495,89032.4575,4934.315,11172.5225,16106.8375,22540.755,12713.0818,22370.7904,50461.657499999994,0.24195886503939154,412.358
2025-12-14 15:00:00,2025-12-14,15,9_16,spread_extreme,332.98,374.19,|rt-da|>333,-32.948,341.244,69191.011,87401.6625,5799.0625,11102.085,16901.1475,18340.7125,14125.2564,22754.8523,52289.8635,0.24426796564018002,374.192
2025-12-15 11:00:00,2025-12-15,11,9_16,spread_extreme,332.98,334.96,|rt-da|>333,-74.646,260.315,72826.256,83952.135,8544.89,12956.3825,21501.2725,23865.985,10986.1731,25037.8556,51324.983499999995,0.29524066837992596,334.961
2025-12-15 12:00:00,2025-12-15,12,9_16,low_valley,-80.0,-80.74,rt<-80,-80.738,216.921,67853.3763,81340.9775,6826.7,12543.2225,19369.9225,25200.565,9565.0285,23654.5331,48483.4538,0.28546733491204807,
2025-12-15 14:00:00,2025-12-15,14,9_16,low_valley,-80.0,-81.53,rt<-80,-81.527,243.478,67394.2163,80164.555,6534.7325,11644.5225,18179.255,23107.685,11597.9407,22382.6926,49214.961299999995,0.26974503147835477,
2025-12-18 11:00:00,2025-12-18,11,9_16,low_valley,-80.0,-81.22,rt<-80,-81.217,-57.106,72002.41,76603.0175,10442.06,13421.1375,23863.1975,26245.915,7569.4779,25192.8353,48139.21250000001,0.3314222051273808,
2025-12-18 12:00:00,2025-12-18,12,9_16,low_valley,-80.0,-80.08,rt<-80,-80.077,-78.383,68012.5,72757.3875,9142.9075,12936.5375,22079.445,27359.615,6744.7089,23935.3815,45933.055,0.32463804442938604,
2025-12-18 17:00:00,2025-12-18,17,17_24,low_valley,215.95,75.35,rt<216,75.354,88.492,80471.955,81166.43,15892.895,523.86,16416.755,16299.4975,21474.222,27309.257,64055.2,0.20400591731566534,
2025-12-18 18:00:00,2025-12-18,18,17_24,low_valley,215.95,96.18,rt<216,96.176,88.305,82370.79,82847.245,17245.6,-17.7625,17227.8375,17142.87,20729.0438,29122.4748,65142.95249999999,0.20914983937763015,
2025-12-18 19:00:00,2025-12-18,19,17_24,low_valley,215.95,23.7,rt<216,23.703,2.86,79838.3963,80133.9125,18364.19,-14.7325,18349.4575,18145.2375,16689.874,29336.9818,61488.93879999999,0.22983249098280895,
2025-12-18 20:00:00,2025-12-18,20,17_24,low_valley,215.95,-75.36,rt<216,-75.355,-16.793,78256.2765,78700.475,19070.01,-14.6025,19055.4075,18776.8925,14214.4524,29341.1009,59200.869000000006,0.24350005328409663,
2025-12-18 21:00:00,2025-12-18,21,17_24,low_valley,215.95,-80.0,rt<216,-80.0,9.699,77019.4663,77484.325,18974.145,-14.62,18959.525,19170.9325,13816.1557,28592.1094,58059.9413,0.2461653645286081,
2025-12-18 22:00:00,2025-12-18,22,17_24,low_valley,215.95,-51.52,rt<216,-51.524,-33.624,74889.6375,75464.235,18709.8925,-14.645,18695.2475,19332.9725,13724.464,26874.3856,56194.39,0.24963730793200364,
2025-12-18 23:00:00,2025-12-18,23,17_24,low_valley,215.95,-40.84,rt<216,-40.842,-36.598,70108.7675,70549.54,18116.7475,-14.185,18102.5625,19344.2675,12073.2131,24311.8307,52006.205,0.2582068283744673,
2025-12-19 00:00:00,2025-12-18,24,17_24,low_valley,215.95,-59.77,rt<216,-59.766,-26.254,66648.9948,67033.205,17474.835,-13.9775,17460.8575,19269.935,12360.3369,21230.2165,49188.1373,0.2619823082069975,
2025-12-19 03:00:00,2025-12-19,3,1_8,low_valley,52.51,36.83,rt<53,36.833,95.035,64433.9458,64041.875,18395.0475,-13.925,18381.1225,18702.4825,10213.6186,20183.3656,46052.823300000004,0.28527078807499157,
2025-12-19 04:00:00,2025-12-19,4,1_8,low_valley,52.51,-52.12,rt<53,-52.12,90.27,63467.083,63136.3725,17324.66,-13.9875,17310.6725,18344.3025,10276.9191,20214.1221,46156.4105,0.2727504035008588,
2025-12-19 05:00:00,2025-12-19,5,1_8,low_valley,52.51,13.18,rt<53,13.183,89.655,63786.9292,63565.5975,16550.82,-13.9675,16536.8525,17873.4525,11395.4665,20203.7739,47250.0767,0.25925142822845726,
2025-12-19 06:00:00,2025-12-19,6,1_8,low_valley,52.51,-45.62,rt<53,-45.616,46.277,65851.955,66088.115,15947.3375,-14.1125,15933.225,17233.4925,12109.5748,22106.166,49918.73,0.24195523120886003,
2025-12-19 07:00:00,2025-12-19,7,1_8,low_valley,52.51,2.03,rt<53,2.033,-12.973,70114.4175,70559.5225,14548.0675,-14.26,14533.8075,16378.865,14302.5696,25589.3631,55580.60999999999,0.20728700338881273,
2025-12-19 16:00:00,2025-12-19,16,9_16,high_spike,406.94,528.05,rt>407,528.051,347.308,79042.8723,75585.865,3729.1525,2303.26,6032.4125,8225.5575,32763.3404,24657.8864,73010.4598,0.07631823494902042,
2025-12-20 06:00:00,2025-12-20,6,1_8,spread_extreme,160.79,171.15,|rt-da|>161,74.052,245.2,64885.5055,65466.46,18000.255,-13.655,17986.6,15234.3775,9187.6003,22075.3809,46898.9055,0.27720520721269476,171.14799999999997
2025-12-20 07:00:00,2025-12-20,7,1_8,low_valley,52.51,9.65,rt<53,9.653,245.205,67064.0753,68772.7625,17957.3525,-13.7425,17943.61,15132.2875,8025.877,25491.2677,49120.465299999996,0.2675591949498543,
2025-12-20 07:00:00,2025-12-20,7,1_8,spread_extreme,160.79,235.55,|rt-da|>161,9.653,245.205,67064.0753,68772.7625,17957.3525,-13.7425,17943.61,15132.2875,8025.877,25491.2677,49120.465299999996,0.2675591949498543,235.55200000000002
2025-12-20 12:00:00,2025-12-20,12,9_16,spread_extreme,332.98,369.7,|rt-da|>333,62.854,432.558,78536.354,82159.59,13275.0525,6928.3375,20203.39,19856.7075,19402.6474,23580.3853,58332.96400000001,0.25724889135326434,369.704
2025-12-20 13:00:00,2025-12-20,13,9_16,spread_extreme,332.98,453.67,|rt-da|>333,-63.254,390.414,73378.8688,77930.2325,13631.9,8315.5775,21947.4775,20140.735,13474.5223,22621.9033,51431.391299999996,0.29909806264292016,453.668
2025-12-20 14:00:00,2025-12-20,14,9_16,spread_extreme,332.98,494.82,|rt-da|>333,-80.0,414.823,75107.3088,79470.8,12428.7325,9244.1925,21672.925,19739.375,15441.0949,22642.7949,53434.383799999996,0.28855946702638885,494.823
2025-12-21 07:00:00,2025-12-21,7,1_8,low_valley,52.51,23.58,rt<53,23.582,89.364,67455.6975,67963.95,11201.4625,-15.075,11186.3875,9891.585,14668.765,25716.0709,56269.31,0.16583310102666524,
2025-12-22 14:00:00,2025-12-22,14,9_16,high_spike,406.94,449.44,rt>407,449.436,435.28,89422.1625,84165.1975,6389.145,3504.4775,9893.6225,13717.7325,41153.1342,22732.5341,79528.54000000001,0.11063949050542815,
2025-12-22 15:00:00,2025-12-22,15,9_16,high_spike,406.94,596.81,rt>407,596.809,427.587,88937.639,84756.41,6351.9225,2589.0125,8940.935,11085.1675,41157.5056,23218.4328,79996.704,0.100530383980563,
2025-12-22 16:00:00,2025-12-22,16,9_16,high_spike,406.94,660.0,rt>407,660.002,331.254,87396.3375,84525.2675,6035.5375,987.2475,7022.785,8167.46,39965.6889,24745.5827,80373.55249999999,0.0803555984161973,
2025-12-23 09:00:00,2025-12-23,9,9_16,high_spike,406.94,435.93,rt>407,435.927,421.866,87989.395,89578.7175,1282.97,583.7175,1866.6875,2849.665,44831.7143,25688.231,86122.7075,0.021214914590421387,
2025-12-23 22:00:00,2025-12-23,22,17_24,spread_extreme,126.33,155.13,|rt-da|>126,263.802,108.668,77082.88,78597.8725,9958.0975,-10.625,9947.4725,14256.0875,24046.2305,27165.434,67135.4075,0.1290490508230817,155.13400000000001
2025-12-23 23:00:00,2025-12-23,23,17_24,spread_extreme,126.33,223.56,|rt-da|>126,254.652,31.095,72241.392,74068.29,9688.7675,-10.275,9678.4925,14003.055,22166.8188,24493.3626,62562.89950000001,0.1339743356365594,223.557
2025-12-24 00:00:00,2025-12-23,24,17_24,spread_extreme,126.33,165.57,|rt-da|>126,240.41,74.838,68647.6175,70412.7975,9242.985,-10.0075,9232.9775,13445.68,22066.1118,21432.7877,59414.63999999999,0.13449814916963462,165.572
2025-12-25 00:00:00,2025-12-24,24,17_24,low_valley,215.95,133.32,rt<216,133.323,208.147,68855.0775,70397.4925,14080.22,-10.21,14070.01,13288.235,17224.6026,21506.8488,54785.0675,0.2043423739949545,
2025-12-25 01:00:00,2025-12-25,1,1_8,low_valley,52.51,-80.0,rt<53,-80.0,-48.255,66826.805,67184.46,16556.385,-10.0675,16546.3175,16637.6025,13927.1153,20355.9182,50280.48749999999,0.24760000867202916,
2025-12-25 02:00:00,2025-12-25,2,1_8,low_valley,52.51,-60.25,rt<53,-60.25,-79.48,65599.412,65887.4125,17716.6425,-10.005,17706.6375,18525.805,11548.0821,20388.7327,47892.7745,0.26992067394294317,
2025-12-25 03:00:00,2025-12-25,3,1_8,low_valley,52.51,1.59,rt<53,1.587,-77.364,66846.834,66964.6425,18598.935,-10.1875,18588.7475,19546.3425,11947.7851,20320.5939,48258.086500000005,0.2780796992901594,
2025-12-25 04:00:00,2025-12-25,4,1_8,low_valley,52.51,-57.64,rt<53,-57.641,-70.434,65891.6263,66178.5925,19164.7,-10.12,19154.58,19933.585,10239.1943,20517.8293,46737.0463,0.29069824304963343,
2025-12-25 05:00:00,2025-12-25,5,1_8,low_valley,52.51,-80.0,rt<53,-80.0,-70.521,66041.0888,66599.5575,18892.84,-10.135,18882.705,20017.64,10896.5987,20296.7342,47158.383799999996,0.2859235869706128,
2025-12-25 06:00:00,2025-12-25,6,1_8,low_valley,52.51,-80.0,rt<53,-80.0,-79.48,68410.1665,68909.9625,17805.6925,-10.435,17795.2575,19733.87,12381.9386,22238.4871,50614.90900000001,0.2601259199887891,
2025-12-25 07:00:00,2025-12-25,7,1_8,low_valley,52.51,-59.9,rt<53,-59.902,-41.702,72994.0115,73669.2975,17735.1925,-10.785,17724.4075,19061.7225,13593.5247,25718.0356,55269.60399999999,0.24282002226404287,
2025-12-25 08:00:00,2025-12-25,8,1_8,low_valley,52.51,-80.0,rt<53,-80.0,51.823,78851.1313,80563.215,17580.94,907.2075,18488.1475,19038.2775,18528.9253,25881.2061,60362.983799999995,0.23446902020104954,
2025-12-25 10:00:00,2025-12-25,10,9_16,low_valley,-80.0,-81.05,rt<-80,-81.047,-28.49,74324.2625,80681.385,10101.55,8620.25,18721.8,26599.18,14379.4164,25383.5914,55602.462499999994,0.2518935185866266,
2025-12-26 11:00:00,2025-12-26,11,9_16,low_valley,-80.0,-87.66,rt<-80,-87.66,198.863,71908.8863,76726.16,5072.06,14313.1175,19385.1775,19370.365,11650.4264,25269.5025,52523.70879999999,0.2695797208766422,
2025-12-26 12:00:00,2025-12-26,12,9_16,low_valley,-80.0,-84.8,rt<-80,-84.801,193.41,67231.7675,73563.435,4254.3,12814.685,17068.985,20546.4525,10621.724,23967.714,50162.7825,0.2538827347869617,
2025-12-28 07:00:00,2025-12-28,7,1_8,low_valley,52.51,-6.22,rt<53,-6.225,119.009,67681.435,68095.9775,10354.84,-10.0625,10344.7775,9877.7275,15833.6291,25699.9272,57336.6575,0.15284512656198185,
2025-12-29 13:00:00,2025-12-29,13,9_16,low_valley,-80.0,-82.44,rt<-80,-82.445,208.835,62132.4593,67973.7725,2271.095,13980.105,16251.2,18723.57,7641.3502,22684.528,45881.259300000005,0.2615573273692134,
2025-12-29 14:00:00,2025-12-29,14,9_16,low_valley,-80.0,-84.99,rt<-80,-84.99,242.195,65495.7415,71289.9175,2115.9275,12343.0625,14458.99,16511.1375,12728.5691,22777.2781,51036.7515,0.22076229181697832,
2025-12-30 20:00:00,2025-12-30,20,17_24,low_valley,215.95,181.97,rt<216,181.972,285.996,78678.6088,80826.44,13421.265,-10.625,13410.64,10902.74,19706.8483,29651.9713,65267.9688,0.17044836204952718,
2025-12-30 21:00:00,2025-12-30,21,17_24,low_valley,215.95,123.24,rt<216,123.238,280.023,77490.8963,79384.245,13259.6325,-10.6675,13248.965,11449.4175,19442.6373,28893.5503,64241.9313,0.1709744709494379,
2025-12-30 21:00:00,2025-12-30,21,17_24,spread_extreme,126.33,156.79,|rt-da|>126,123.238,280.023,77490.8963,79384.245,13259.6325,-10.6675,13248.965,11449.4175,19442.6373,28893.5503,64241.9313,0.1709744709494379,156.78500000000003
2025-12-30 23:00:00,2025-12-30,23,17_24,low_valley,215.95,157.09,rt<216,157.085,265.387,70893.595,72449.435,13898.745,-10.195,13888.55,11573.115,16660.8017,24401.8874,57005.045,0.19590697859293113,
2025-12-31 00:00:00,2025-12-30,24,17_24,low_valley,215.95,113.27,rt<216,113.274,256.189,67424.6525,68635.65,13730.9875,-9.6275,13721.36,11411.17,16385.237,21402.157,53703.292499999996,0.20350657347421902,
2025-12-31 00:00:00,2025-12-30,24,17_24,spread_extreme,126.33,142.92,|rt-da|>126,113.274,256.189,67424.6525,68635.65,13730.9875,-9.6275,13721.36,11411.17,16385.237,21402.157,53703.292499999996,0.20350657347421902,142.91500000000002
2025-12-31 06:00:00,2025-12-31,6,1_8,spread_extreme,160.79,196.57,|rt-da|>161,8.651,205.221,65969.035,67459.5225,15042.5175,-9.82,15032.6975,13320.4825,12671.1539,22327.3361,50936.3375,0.22787505528497193,196.57
2025-12-31 06:00:00,2025-12-31,6,1_8,low_valley,52.51,8.65,rt<53,8.651,205.221,65969.035,67459.5225,15042.5175,-9.82,15032.6975,13320.4825,12671.1539,22327.3361,50936.3375,0.22787505528497193,
2025-12-31 07:00:00,2025-12-31,7,1_8,low_valley,52.51,-30.48,rt<53,-30.476,214.213,70401.664,72236.1925,14961.76,-10.175,14951.585,12730.1725,13857.9225,25691.1523,55450.079000000005,0.2123754489364945,
2025-12-31 07:00:00,2025-12-31,7,1_8,spread_extreme,160.79,244.69,|rt-da|>161,-30.476,214.213,70401.664,72236.1925,14961.76,-10.175,14951.585,12730.1725,13857.9225,25691.1523,55450.079000000005,0.2123754489364945,244.689
2025-12-31 11:00:00,2025-12-31,11,9_16,low_valley,-80.0,-86.88,rt<-80,-86.882,364.118,77095.0665,88188.5475,9664.3,11701.71,21366.01,18162.475,14661.9297,25199.9863,55729.056500000006,0.2771384858618497,
2025-12-31 11:00:00,2025-12-31,11,9_16,spread_extreme,332.98,451.0,|rt-da|>333,-86.882,364.118,77095.0665,88188.5475,9664.3,11701.71,21366.01,18162.475,14661.9297,25199.9863,55729.056500000006,0.2771384858618497,451.0
2025-12-31 12:00:00,2025-12-31,12,9_16,low_valley,-80.0,-84.29,rt<-80,-84.292,379.339,74268.4175,86059.6375,8019.195,12423.54,20442.735,18553.1725,13838.3247,24100.1168,53825.682499999995,0.27525475411196765,
2025-12-31 12:00:00,2025-12-31,12,9_16,spread_extreme,332.98,463.63,|rt-da|>333,-84.292,379.339,74268.4175,86059.6375,8019.195,12423.54,20442.735,18553.1725,13838.3247,24100.1168,53825.682499999995,0.27525475411196765,463.631
2025-12-31 13:00:00,2025-12-31,13,9_16,low_valley,-80.0,-85.98,rt<-80,-85.985,292.264,69929.4175,81927.1675,6249.1275,11160.51,17409.6375,17983.1625,14016.0352,22653.115,52519.78,0.2489601389502551,
2025-12-31 13:00:00,2025-12-31,13,9_16,spread_extreme,332.98,378.25,|rt-da|>333,-85.985,292.264,69929.4175,81927.1675,6249.1275,11160.51,17409.6375,17983.1625,14016.0352,22653.115,52519.78,0.2489601389502551,378.249
